word,taglist,start,end
1.5,[{'sub': {}}],121,124
0.5,[{'sub': {}}],126,129
6,[{'sub': {}}],134,135
1.5,[{'sub': {}}],280,283
0.5,[{'sub': {}}],285,288
6,[{'sub': {}}],293,294
G,[{'sub': {}}],389,390
C,[{'sub': {}}],606,607
g,[{'sub': {}}],660,661
M,[{'sub': {}}],721,722
g,[{'sub': {}}],863,864
1–3,"[{'xref': {'ref-type': 'bibr', 'rid': 'c1 c2 c3'}}, {'sup': {}}]",1580,1583
4,"[{'xref': {'ref-type': 'bibr', 'rid': 'c4'}}, {'sup': {}}]",1785,1786
2−x,[{'sub': {}}],2011,2014
x,[{'sub': {}}],2016,2017
6,[{'sub': {}}],2022,2023
5,"[{'xref': {'ref-type': 'bibr', 'rid': 'c5'}}, {'sup': {}}]",2122,2123
1.5,[{'sub': {}}],2293,2296
0.5,[{'sub': {}}],2298,2301
6,[{'sub': {}}],2306,2307
A,[{'sub': {}}],2355,2356
1,[{'sub': {}}],2419,2420
2,[{'sub': {}}],2423,2424
"6,7","[{'xref': {'ref-type': 'bibr', 'rid': 'c6 c7'}}, {'sup': {}}]",2426,2429
2−x,[{'sub': {}}],2451,2454
x,[{'sub': {}}],2456,2457
6,[{'sub': {}}],2462,2463
A,[{'sub': {}}],2511,2512
"8,9","[{'xref': {'ref-type': 'bibr', 'rid': 'c8 c9'}}, {'sup': {}}]",2605,2608
g,[{'sub': {}}],2712,2713
2g,[{'sub': {}}],2744,2746
10,"[{'xref': {'ref-type': 'bibr', 'rid': 'c10'}}, {'sup': {}}]",2828,2830
4,"[{'xref': {'ref-type': 'bibr', 'rid': 'c4'}}, {'sup': {}}]",3292,3293
11,"[{'xref': {'ref-type': 'bibr', 'rid': 'c11'}}, {'sup': {}}]",3466,3468
M,[{'sub': {}}],3785,3786
"12,13","[{'xref': {'ref-type': 'bibr', 'rid': 'c12 c13'}}, {'sup': {}}]",3853,3858
et al.,[{'italic': {}}],3958,3964
0.17,[{'sub': {}}],3983,3987
2,[{'sub': {}}],3989,3990
14,"[{'xref': {'ref-type': 'bibr', 'rid': 'c14'}}, {'sup': {}}]",4088,4090
M,[{'sub': {}}],4522,4523
FWHM,[{'sub': {}}],4557,4561
2,[{'sub': {}}],4749,4750
6,[{'sub': {}}],4755,4756
1.5,[{'sub': {}}],4760,4763
0.5,[{'sub': {}}],4765,4768
6,[{'sub': {}}],4773,4774
M,[{'sub': {}}],4963,4964
1.5,[{'sub': {}}],5062,5065
0.5,[{'sub': {}}],5067,5070
6,[{'sub': {}}],5075,5076
8,"[{'xref': {'ref-type': 'bibr', 'rid': 'c8'}}, {'sup': {}}]",5247,5248
K,[{'italic': {}}],5383,5384
α,"[{'italic': {}}, {'sub': {}}]",5384,5385
1(a),"[{'xref': {'ref-type': 'fig', 'rid': 'f1'}}]",5998,6002
1,[{'sub': {}}],6355,6356
I,"[{'xref': {'ref-type': 'table', 'rid': 't1'}}]",6473,6474
"8,15","[{'xref': {'ref-type': 'bibr', 'rid': 'c8 c15'}}, {'sup': {}}]",6595,6599
16,"[{'xref': {'ref-type': 'bibr', 'rid': 'c16'}}, {'sup': {}}]",7066,7068
r,"[{'mi': {}}, {'base': 'msub'}, {'tag': 'mathML'}]",7074,7075
L,"[{'mi': {}}, {'sub': 'msub'}, {'tag': 'mathML'}]",7075,7076
a,"[{'mi': {}}, {'sub': 'msub'}, {'tag': 'mathML'}]",7076,7077
r,"[{'mi': {}}, {'base': 'msub'}, {'tag': 'mathML'}]",7079,7080
C,"[{'mi': {}}, {'sub': 'msub'}, {'tag': 'mathML'}]",7080,7081
a,"[{'mi': {}}, {'sub': 'msub'}, {'tag': 'mathML'}]",7081,7082
r,"[{'mi': {}}, {'base': 'msub'}, {'tag': 'mathML'}]",7084,7085
M,"[{'mi': {}}, {'sub': 'msub'}, {'tag': 'mathML'}]",7085,7086
n,"[{'mi': {}}, {'sub': 'msub'}, {'tag': 'mathML'}]",7086,7087
r,"[{'mi': {}}, {'base': 'msub'}, {'tag': 'mathML'}]",7089,7090
C,"[{'mi': {}}, {'sub': 'msub'}, {'tag': 'mathML'}]",7090,7091
o,"[{'mi': {}}, {'sub': 'msub'}, {'tag': 'mathML'}]",7091,7092
r,"[{'mi': {}}, {'base': 'msub'}, {'tag': 'mathML'}]",7098,7099
O,"[{'mi': {}}, {'sub': 'msub'}, {'tag': 'mathML'}]",7099,7100
 ,"[{'mo': {}}, {'tag': 'mathML'}]",7100,7101
17,"[{'xref': {'ref-type': 'bibr', 'rid': 'c17'}}, {'sup': {}}]",7240,7242
t,[{'italic': {}}],7260,7261
6,[{'sub': {}}],7328,7329
6,[{'sub': {}}],7337,7338
1(b),"[{'xref': {'ref-type': 'fig', 'rid': 'f1'}}]",7561,7565
6,[{'sub': {}}],7609,7610
6,[{'sub': {}}],7618,7619
2(a),"[{'xref': {'ref-type': 'fig', 'rid': 'f2'}}]",7841,7845
C,[{'sub': {}}],7987,7988
g,[{'sub': {}}],8078,8079
CAFM,[{'sub': {}}],8159,8163
g,[{'sub': {}}],8269,8270
CAFM,[{'sub': {}}],8276,8280
PHS,[{'sub': {}}],8285,8288
8,"[{'xref': {'ref-type': 'bibr', 'rid': 'c8'}}, {'sup': {}}]",8422,8423
"8,15","[{'xref': {'ref-type': 'bibr', 'rid': 'c8 c15'}}, {'sup': {}}]",8496,8500
2(a),"[{'xref': {'ref-type': 'fig', 'rid': 'f2'}}]",8540,8544
dc,[{'sub': {}}],8583,8585
χ,"[{'mo': {}}, {'base': 'msub'}, {'tag': 'mathML'}]",8826,8827
d,"[{'mi': {}}, {'sub': 'msub'}, {'tag': 'mathML'}]",8827,8828
c,"[{'mi': {}}, {'sub': 'msub'}, {'tag': 'mathML'}]",8828,8829
=,"[{'mo': {}}, {'tag': 'mathML'}]",8829,8830
C,"[{'mi': {}}, {'numerator': 'mfrac'}, {'tag': 'mathML'}]",8830,8831
T,"[{'mi': {}}, {'denominator': 'mfrac'}, {'tag': 'mathML'}]",8831,8832
−,"[{'mo': {}}, {'denominator': 'mfrac'}, {'tag': 'mathML'}]",8832,8833
T,"[{'mi': {}}, {'base': 'msub'}, {'denominator': 'mfrac'}, {'tag': 'mathML'}]",8833,8834
C,"[{'mi': {}}, {'sub': 'msub'}, {'denominator': 'mfrac'}, {'tag': 'mathML'}]",8834,8835
W,"[{'mi': {}}, {'sub': 'msub'}, {'denominator': 'mfrac'}, {'tag': 'mathML'}]",8835,8836
CW,[{'sub': {}}],8863,8865
CW,[{'sub': {}}],8974,8976
μ,[{'italic': {}}],9028,9029
eff,[{'sub': {}}],9029,9032
μ,[{'italic': {}}],9055,9056
B,[{'sub': {}}],9056,9057
μ,[{'italic': {}}],9110,9111
B,[{'sub': {}}],9111,9112
15,"[{'xref': {'ref-type': 'bibr', 'rid': 'c15'}}, {'sup': {}}]",9282,9284
μ,[{'italic': {}}],9313,9314
eff,[{'sub': {}}],9314,9317
15,"[{'xref': {'ref-type': 'bibr', 'rid': 'c15'}}, {'sup': {}}]",9347,9349
18,"[{'xref': {'ref-type': 'bibr', 'rid': 'c18'}}, {'sup': {}}]",9629,9631
dc,[{'sub': {}}],9659,9661
−1,[{'sup': {}}],9661,9663
G,[{'sub': {}}],9730,9731
19,"[{'xref': {'ref-type': 'bibr', 'rid': 'c19'}}, {'sup': {}}]",9866,9868
20,"[{'xref': {'ref-type': 'bibr', 'rid': 'c20'}}, {'sup': {}}]",9934,9936
"18,21,22","[{'xref': {'ref-type': 'bibr', 'rid': 'c18 c21 c22'}}, {'sup': {}}]",10042,10050
C,[{'sub': {}}],10128,10129
G,[{'sub': {}}],10141,10142
2,[{'sub': {}}],10229,10230
6,[{'sub': {}}],10235,10236
"23,24","[{'xref': {'ref-type': 'bibr', 'rid': 'c23 c24'}}, {'sup': {}}]",10244,10249
C,[{'sub': {}}],10528,10529
G,[{'sub': {}}],10537,10538
25,"[{'xref': {'ref-type': 'bibr', 'rid': 'c25'}}, {'sup': {}}]",10578,10580
26,"[{'xref': {'ref-type': 'bibr', 'rid': 'c26'}}, {'sup': {}}]",10713,10715
27,"[{'xref': {'ref-type': 'bibr', 'rid': 'c27'}}, {'sup': {}}]",10834,10836
T,"[{'mi': {}}, {'base': 'msubsup'}, {'tag': 'mathML'}]",10842,10843
C,"[{'mi': {}}, {'sub': 'msubsup'}, {'tag': 'mathML'}]",10843,10844
Rand,"[{'mtext': 'italic'}, {'sup': 'msubsup'}, {'tag': 'mathML'}]",10844,10848
 ,"[{'mo': {}}, {'tag': 'mathML'}]",10848,10849
2(a),"[{'xref': {'ref-type': 'fig', 'rid': 'f2'}}]",11074,11078
−1,[{'sup': {}}],11106,11108
(,"[{'mo': {'stretchy': 'false'}}, {'tag': 'mathML'}]",11146,11147
T,"[{'mi': {}}, {'tag': 'mathML'}]",11147,11148
−,"[{'mo': {}}, {'tag': 'mathML'}]",11148,11149
T,"[{'mi': {}}, {'base': 'msubsup'}, {'tag': 'mathML'}]",11149,11150
C,"[{'mi': {}}, {'sub': 'msubsup'}, {'tag': 'mathML'}]",11150,11151
Rand,"[{'mtext': 'italic'}, {'sup': 'msubsup'}, {'tag': 'mathML'}]",11151,11155
),"[{'mo': {'stretchy': 'false'}}, {'tag': 'mathML'}]",11155,11156
 ,"[{'mo': {}}, {'base': 'msubsup'}, {'tag': 'mathML'}]",11225,11226
T,"[{'mi': {}}, {'base': 'msubsup'}, {'tag': 'mathML'}]",11226,11227
C,"[{'mi': {}}, {'sub': 'msubsup'}, {'tag': 'mathML'}]",11227,11228
Rand,"[{'mtext': 'italic'}, {'sup': 'msubsup'}, {'tag': 'mathML'}]",11228,11232
=,"[{'mo': {}}, {'tag': 'mathML'}]",11232,11233
153.63,"[{'mn': {}}, {'tag': 'mathML'}]",11233,11239
 ,"[{'mo': {}}, {'tag': 'mathML'}]",11239,11240
K,"[{'mi': {'mathvariant': 'normal'}}, {'tag': 'mathML'}]",11240,11241
C,[{'sub': {}}],11259,11260
GP,[{'sub': {}}],11275,11277
T,"[{'mi': {}}, {'base': 'msubsup'}, {'tag': 'mathML'}]",11319,11320
C,"[{'mi': {}}, {'sub': 'msubsup'}, {'tag': 'mathML'}]",11320,11321
Rand,"[{'mtext': 'italic'}, {'sup': 'msubsup'}, {'tag': 'mathML'}]",11321,11325
G,[{'sub': {}}],11383,11384
C,[{'sub': {}}],11494,11495
G,[{'sub': {}}],11500,11501
T,"[{'mi': {}}, {'base': 'msubsup'}, {'tag': 'mathML'}]",11507,11508
C,"[{'mi': {}}, {'sub': 'msubsup'}, {'tag': 'mathML'}]",11508,11509
Rand,"[{'mtext': 'italic'}, {'sup': 'msubsup'}, {'tag': 'mathML'}]",11509,11513
ac,[{'sub': {}}],11598,11600
2(b),"[{'xref': {'ref-type': 'fig', 'rid': 'f2'}}]",11677,11681
C,[{'sub': {}}],11756,11757
ac,[{'sub': {}}],11781,11783
g,[{'sub': {}}],11848,11849
"8,15","[{'xref': {'ref-type': 'bibr', 'rid': 'c8 c15'}}, {'sup': {}}]",11916,11920
2(b),"[{'xref': {'ref-type': 'fig', 'rid': 'f2'}}]",11939,11943
ac,[{'sub': {}}],11985,11987
−1,[{'sup': {}}],11987,11989
dc,[{'sub': {}}],12101,12103
−1,[{'sup': {}}],12103,12105
ac,[{'sub': {}}],12256,12258
−1,[{'sup': {}}],12258,12260
(2),"[{'xref': {'ref-type': 'disp-formula', 'rid': 'd2'}}]",12277,12280
T,"[{'mi': {}}, {'base': 'msubsup'}, {'tag': 'mathML'}]",12345,12346
C,"[{'mi': {}}, {'sub': 'msubsup'}, {'tag': 'mathML'}]",12346,12347
Rand,"[{'mtext': 'italic'}, {'sup': 'msubsup'}, {'tag': 'mathML'}]",12347,12351
T,"[{'mi': {}}, {'base': 'msubsup'}, {'tag': 'mathML'}]",12398,12399
C,"[{'mi': {}}, {'sub': 'msubsup'}, {'tag': 'mathML'}]",12399,12400
Rand,"[{'mtext': 'italic'}, {'sup': 'msubsup'}, {'tag': 'mathML'}]",12400,12404
"28,29","[{'xref': {'ref-type': 'bibr', 'rid': 'c28 c29'}}, {'sup': {}}]",12713,12718
"8,30","[{'xref': {'ref-type': 'bibr', 'rid': 'c8 c30'}}, {'sup': {}}]",13030,13034
C,[{'sub': {}}],13351,13352
G,[{'sub': {}}],13359,13360
2,[{'sub': {}}],13596,13597
6,[{'sub': {}}],13602,13603
30,"[{'xref': {'ref-type': 'bibr', 'rid': 'c30'}}, {'sup': {}}]",13604,13606
3,[{'sub': {}}],13609,13610
6,[{'sub': {}}],13615,13616
20,"[{'xref': {'ref-type': 'bibr', 'rid': 'c20'}}, {'sup': {}}]",13617,13619
2,[{'sub': {}}],13626,13627
6,[{'sub': {}}],13632,13633
31,"[{'xref': {'ref-type': 'bibr', 'rid': 'c31'}}, {'sup': {}}]",13633,13635
3(a),"[{'xref': {'ref-type': 'fig', 'rid': 'f3'}}]",13899,13903
C,[{'sub': {}}],14098,14099
2,[{'sup': {}}],14187,14188
g,[{'sub': {}}],14260,14261
3(b),"[{'xref': {'ref-type': 'fig', 'rid': 'f3'}}]",14280,14284
3(a),"[{'xref': {'ref-type': 'fig', 'rid': 'f3'}}]",14397,14401
3(b),"[{'xref': {'ref-type': 'fig', 'rid': 'f3'}}]",14452,14456
g,[{'sub': {}}],14505,14506
14,"[{'xref': {'ref-type': 'bibr', 'rid': 'c14'}}, {'sup': {}}]",14507,14509
"8,28","[{'xref': {'ref-type': 'bibr', 'rid': 'c8 c28'}}, {'sup': {}}]",14671,14675
2+,[{'sup': {}}],14797,14799
3+,[{'sup': {}}],14817,14819
2,[{'sub': {}}],14831,14832
6,[{'sub': {}}],14837,14838
3(b),"[{'xref': {'ref-type': 'fig', 'rid': 'f3'}}]",15331,15335
"5,32","[{'xref': {'ref-type': 'bibr', 'rid': 'c5 c32'}}, {'sup': {}}]",15419,15423
m+1,[{'sub': {}}],15581,15584
m,[{'sub': {}}],15590,15591
m+1,[{'sub': {}}],15646,15649
m,[{'sub': {}}],15655,15656
m,[{'sub': {}}],15678,15679
max,[{'sub': {}}],15729,15732
M,[{'sub': {}}],15742,15743
AV,[{'sub': {}}],15786,15788
m,[{'sub': {}}],15792,15793
m+1,[{'sub': {}}],15795,15798
m,[{'sub': {}}],15873,15874
m+1,[{'sub': {}}],15880,15883
M,[{'sub': {}}],15902,15903
(4),"[{'xref': {'ref-type': 'disp-formula', 'rid': 'd4'}}]",15929,15932
4(a),"[{'xref': {'ref-type': 'fig', 'rid': 'f4'}}]",16017,16021
4(b),"[{'xref': {'ref-type': 'fig', 'rid': 'f4'}}]",16026,16030
M,[{'sub': {}}],16056,16057
C,[{'sub': {}}],16062,16063
33–35,"[{'xref': {'ref-type': 'bibr', 'rid': 'c33 c34 c35'}}, {'sup': {}}]",16477,16482
M,[{'sub': {}}],16584,16585
M,[{'sub': {}}],16727,16728
C,[{'sub': {}}],16733,16734
et al.,[{'italic': {}}],16859,16865
49,[{'sub': {}}],16942,16944
13,[{'sub': {}}],16946,16948
38,[{'sub': {}}],16950,16952
35,"[{'xref': {'ref-type': 'bibr', 'rid': 'c35'}}, {'sup': {}}]",16959,16961
M,[{'sub': {}}],16970,16971
C,[{'sub': {}}],17092,17093
g,[{'sub': {}}],17102,17103
M,[{'sub': {}}],17108,17109
14,"[{'xref': {'ref-type': 'bibr', 'rid': 'c14'}}, {'sup': {}}]",17244,17246
M,[{'sub': {}}],17331,17332
C,[{'sub': {}}],17358,17359
et al.,[{'italic': {}}],17472,17478
36,"[{'xref': {'ref-type': 'bibr', 'rid': 'c36'}}, {'sup': {}}]",17598,17600
C,[{'sub': {}}],17664,17665
M,[{'sub': {}}],17728,17729
(5),"[{'xref': {'ref-type': 'disp-formula', 'rid': 'd5'}}]",17751,17754
C,[{'sub': {}}],17845,17846
37,"[{'xref': {'ref-type': 'bibr', 'rid': 'c37'}}, {'sup': {}}]",17870,17872
38,"[{'xref': {'ref-type': 'bibr', 'rid': 'c38'}}, {'sup': {}}]",17988,17990
C,[{'sub': {}}],18253,18254
P,[{'sub': {}}],18344,18345
36,"[{'xref': {'ref-type': 'bibr', 'rid': 'c36'}}, {'sup': {}}]",18430,18432
P,[{'sub': {}}],18492,18493
5(a),"[{'xref': {'ref-type': 'fig', 'rid': 'f5'}}]",18557,18561
P,[{'sub': {}}],18612,18613
C,[{'sub': {}}],18707,18708
P,[{'sub': {}}],18725,18726
C,[{'sub': {}}],18767,18768
C,[{'sub': {}}],18796,18797
M,[{'sub': {}}],18863,18864
hot,[{'sub': {}}],19022,19025
cold,[{'sub': {}}],19038,19042
M,[{'sub': {}}],19273,19274
FWHM,[{'sub': {}}],19314,19318
hot,[{'sub': {}}],19322,19325
cold,[{'sub': {}}],19329,19333
C,[{'sub': {}}],19453,19454
g,[{'sub': {}}],19467,19468
39,"[{'xref': {'ref-type': 'bibr', 'rid': 'c39'}}, {'sup': {}}]",19472,19474
C,[{'sub': {}}],19506,19507
g,[{'sub': {}}],19520,19521
5(b),"[{'xref': {'ref-type': 'fig', 'rid': 'f5'}}]",19573,19577
5(b),"[{'xref': {'ref-type': 'fig', 'rid': 'f5'}}]",19596,19600
C,[{'sub': {}}],19808,19809
g,[{'sub': {}}],19823,19824
C,[{'sub': {}}],19914,19915
g,[{'sub': {}}],19921,19922
4,[{'sub': {}}],19955,19956
7,[{'sub': {}}],19957,19958
40,"[{'xref': {'ref-type': 'bibr', 'rid': 'c40'}}, {'sup': {}}]",19959,19961
3,[{'sub': {}}],19967,19968
41,"[{'xref': {'ref-type': 'bibr', 'rid': 'c41'}}, {'sup': {}}]",19969,19971
50,[{'sub': {}}],19978,19980
36,[{'sub': {}}],19982,19984
14,[{'sub': {}}],19986,19988
42,"[{'xref': {'ref-type': 'bibr', 'rid': 'c42'}}, {'sup': {}}]",19988,19990
C,[{'sub': {}}],20060,20061
C,[{'sub': {}}],20318,20319
37,"[{'xref': {'ref-type': 'bibr', 'rid': 'c37'}}, {'sup': {}}]",20705,20707
5(b),"[{'xref': {'ref-type': 'fig', 'rid': 'f5'}}]",20754,20758
5(b),"[{'xref': {'ref-type': 'fig', 'rid': 'f5'}}]",20777,20781
C,[{'sub': {}}],20911,20912
g,[{'sub': {}}],20918,20919
(6),"[{'xref': {'ref-type': 'disp-formula', 'rid': 'd6'}}]",20944,20947
C,[{'sub': {}}],20999,21000
x,[{'sub': {}}],21130,21131
2−x,[{'sub': {}}],21133,21136
6,[{'sub': {}}],21141,21142
C,[{'sub': {}}],21176,21177
43,"[{'xref': {'ref-type': 'bibr', 'rid': 'c43'}}, {'sup': {}}]",21178,21180
44,"[{'xref': {'ref-type': 'bibr', 'rid': 'c44'}}, {'sup': {}}]",21553,21555
et al.,[{'italic': {}}],21678,21684
45,"[{'xref': {'ref-type': 'bibr', 'rid': 'c45'}}, {'sup': {}}]",21684,21686
6(a),"[{'xref': {'ref-type': 'fig', 'rid': 'f6'}}]",21694,21698
46,"[{'xref': {'ref-type': 'bibr', 'rid': 'c46'}}, {'sup': {}}]",21978,21980
6(a),"[{'xref': {'ref-type': 'fig', 'rid': 'f6'}}]",22215,22219
2+,[{'sup': {}}],22835,22837
2g,[{'sub': {}}],22840,22842
5,[{'sup': {}}],22842,22843
g,[{'sub': {}}],22844,22845
2,[{'sup': {}}],22845,22846
4+,[{'sup': {}}],22852,22854
2g,[{'sub': {}}],22856,22858
3,[{'sup': {}}],22858,22859
g,[{'sub': {}}],22860,22861
0,[{'sup': {}}],22861,22862
3+,[{'sup': {}}],22873,22875
2g,[{'sub': {}}],22878,22880
5,[{'sup': {}}],22880,22881
g,[{'sub': {}}],22882,22883
1,[{'sup': {}}],22883,22884
4+,[{'sup': {}}],22890,22892
2g,[{'sub': {}}],22895,22897
5,[{'sup': {}}],22897,22898
g,[{'sub': {}}],22899,22900
1,[{'sup': {}}],22900,22901
6(b),"[{'xref': {'ref-type': 'fig', 'rid': 'f6'}}]",23493,23497
C,[{'sub': {}}],24100,24101
6(a),"[{'xref': {'ref-type': 'fig', 'rid': 'f6'}}]",24110,24114
6(b),"[{'xref': {'ref-type': 'fig', 'rid': 'f6'}}]",24626,24630
0,[{'sub': {}}],24668,24669
T,"[{'mi': {}}, {'base': 'msub'}, {'tag': 'mathML'}]",24688,24689
0,"[{'mn': {}}, {'sub': 'msub'}, {'tag': 'mathML'}]",24689,24690
=,"[{'mo': {}}, {'tag': 'mathML'}]",24690,24691
4,"[{'mn': {}}, {'numerator': 'mfrac'}, {'tag': 'mathML'}]",24691,24692
E,"[{'mi': {}}, {'base': 'msub'}, {'numerator': 'mfrac'}, {'tag': 'mathML'}]",24692,24693
A,"[{'mi': {}}, {'sub': 'msub'}, {'numerator': 'mfrac'}, {'tag': 'mathML'}]",24693,24694
K,"[{'mi': {}}, {'base': 'msub'}, {'denominator': 'mfrac'}, {'tag': 'mathML'}]",24694,24695
B,"[{'mi': {}}, {'sub': 'msub'}, {'denominator': 'mfrac'}, {'tag': 'mathML'}]",24695,24696
T,"[{'mi': {}}, {'base': 'msup'}, {'denominator': 'mfrac'}, {'tag': 'mathML'}]",24696,24697
3,"[{'mn': {}}, {'sup': 'msup'}, {'denominator': 'mfrac'}, {'tag': 'mathML'}]",24697,24698
/,"[{'mo': {}}, {'sup': 'msup'}, {'denominator': 'mfrac'}, {'tag': 'mathML'}]",24698,24699
4,"[{'mn': {}}, {'sup': 'msup'}, {'denominator': 'mfrac'}, {'tag': 'mathML'}]",24699,24700
B,[{'sub': {}}],24703,24704
A,[{'sub': {}}],24737,24738
A,[{'sub': {}}],24808,24809
2,[{'sub': {}}],25062,25063
6,[{'sub': {}}],25068,25069
"23,24,47","[{'xref': {'ref-type': 'bibr', 'rid': 'c23 c24 c47'}}, {'sup': {}}]",25145,25153
2+,[{'sup': {}}],25185,25187
3+,[{'sup': {}}],25199,25201
4+,[{'sup': {}}],25231,25233
2–,[{'sup': {}}],25235,25237
2+,[{'sup': {}}],25240,25242
3+,[{'sup': {}}],25252,25254
2–,[{'sup': {}}],25256,25258
3+,[{'sup': {}}],25261,25263
4+,[{'sup': {}}],25302,25304
3+,[{'sup': {}}],25307,25309
2–,[{'sup': {}}],25311,25313
4+,[{'sup': {}}],25316,25318
3+,[{'sup': {}}],25321,25323
3+,[{'sup': {}}],25333,25335
2+,[{'sup': {}}],25338,25340
2–,[{'sup': {}}],25342,25344
3+,[{'sup': {}}],25347,25349
2+,[{'sup': {}}],25352,25354
G,[{'sub': {}}],26175,26176
M,[{'sub': {}}],26264,26265
C,[{'sub': {}}],26359,26360
g,[{'sub': {}}],26375,26376
M,[{'sub': {}}],26417,26418
g,[{'sub': {}}],26427,26428
M,[{'sub': {}}],26461,26462
C,[{'sub': {}}],26467,26468
C,[{'sub': {}}],26648,26649
Space group,"[{'th': {'align': 'left', 'colspan': '1', 'rowspan': '1'}}]",27262,27273
a (Å),"[{'th': {'align': 'center', 'colspan': '1', 'rowspan': '1'}}]",27273,27278
b (Å),"[{'th': {'align': 'center', 'colspan': '1', 'rowspan': '1'}}]",27278,27283
c (Å),"[{'th': {'align': 'center', 'colspan': '1', 'rowspan': '1'}}]",27283,27288
Angle (deg),"[{'th': {'align': 'center', 'colspan': '1', 'rowspan': '1'}}]",27288,27299
Volume (Å,"[{'th': {'align': 'center', 'colspan': '1', 'rowspan': '1'}}]",27299,27308
3,"[{'th': {'align': 'center', 'colspan': '1', 'rowspan': '1'}}, {'sup': {}}]",27308,27309
),"[{'th': {'align': 'center', 'colspan': '1', 'rowspan': '1'}}]",27309,27310
χ,"[{'th': {'align': 'center', 'colspan': '1', 'rowspan': '1'}}]",27310,27311
2,"[{'th': {'align': 'center', 'colspan': '1', 'rowspan': '1'}}, {'sup': {}}]",27311,27312
P2,"[{'th': {'align': 'left', 'colspan': '1', 'rowspan': '1'}}]",27312,27314
1,"[{'th': {'align': 'left', 'colspan': '1', 'rowspan': '1'}}, {'sub': {}}]",27314,27315
/n (14),"[{'th': {'align': 'left', 'colspan': '1', 'rowspan': '1'}}]",27315,27322
5.425 (3),"[{'th': {'align': 'center', 'colspan': '1', 'rowspan': '1'}}]",27322,27331
5.457 (2),"[{'th': {'align': 'center', 'colspan': '1', 'rowspan': '1'}}]",27331,27340
7.676(4),"[{'th': {'align': 'center', 'colspan': '1', 'rowspan': '1'}}]",27340,27348
α = γ = 90.0,"[{'th': {'align': 'center', 'colspan': '1', 'rowspan': '1'}}]",27348,27360
227.28(2),"[{'th': {'align': 'center', 'colspan': '1', 'rowspan': '1'}}]",27360,27369
2.05,"[{'th': {'align': 'center', 'colspan': '1', 'rowspan': '1'}}]",27369,27373
β = 89.89 (4),"[{'th': {'align': 'center', 'colspan': '7', 'rowspan': '1'}}]",27373,27386
Bond angle (°)θ,"[{'th': {'align': 'left', 'colspan': '1', 'rowspan': '1'}}]",27386,27401
Site,"[{'th': {'align': 'center', 'colspan': '1', 'rowspan': '1'}}]",27401,27405
Bond length (Å) d,"[{'th': {'align': 'center', 'colspan': '2', 'rowspan': '1'}}]",27405,27422
TM-O,"[{'th': {'align': 'center', 'colspan': '2', 'rowspan': '1'}}, {'sub': {}}]",27422,27426
Bond length (Å) d,"[{'th': {'align': 'center', 'colspan': '3', 'rowspan': '1'}}]",27426,27443
TM-TM,"[{'th': {'align': 'center', 'colspan': '3', 'rowspan': '1'}}, {'sub': {}}]",27443,27448
O1-TM-O1 = 180.0,"[{'td': {'colspan': '1', 'rowspan': '1'}}]",27448,27464
2d,"[{'td': {'colspan': '1', 'rowspan': '1'}}]",27464,27466
Co-O1 = 2.035 (9),"[{'td': {'colspan': '2', 'rowspan': '1'}}]",27466,27483
Mn-Co = 4.070 (5) for O1,"[{'td': {'colspan': '3', 'rowspan': '1'}}]",27483,27507
O2-TM-O2 = 180.0,"[{'td': {'colspan': '1', 'rowspan': '1'}}]",27507,27523
Co-O2 = 1.914 (5),"[{'td': {'colspan': '2', 'rowspan': '1'}}]",27523,27540
O3-TM-O3 = 180.0,"[{'td': {'colspan': '1', 'rowspan': '1'}}]",27540,27556
Co-O3 = 1.837 (4),"[{'td': {'colspan': '2', 'rowspan': '1'}}]",27556,27573
Mn-Co = 3.852 (9) for O2,"[{'td': {'colspan': '3', 'rowspan': '1'}}]",27573,27597
Co-O1-Mn = 140.99,"[{'td': {'colspan': '1', 'rowspan': '1'}}]",27597,27614
2c,"[{'td': {'colspan': '1', 'rowspan': '1'}}]",27614,27616
Mn-O1 = 2.035 (9),"[{'td': {'colspan': '2', 'rowspan': '1'}}]",27616,27633
Co-O2-Mn = 174.01,"[{'td': {'colspan': '1', 'rowspan': '1'}}]",27633,27650
Mn-O2 = 1.938 (4),"[{'td': {'colspan': '2', 'rowspan': '1'}}]",27650,27667
Co-O3-Mn = 151.41,"[{'td': {'colspan': '1', 'rowspan': '1'}}]",27667,27684
Mn-O3 = 2.132 (4),"[{'td': {'colspan': '2', 'rowspan': '1'}}]",27684,27701
Mn-Co = 3.969 (8) for O3,"[{'td': {'colspan': '3', 'rowspan': '1'}}]",27701,27725
6,[{'sub': {}}],27987,27988
6,[{'sub': {}}],27996,27997
(,"[{'mo': {'stretchy': 'false'}}, {'tag': 'mathML'}]",28453,28454
T,"[{'mi': {}}, {'tag': 'mathML'}]",28454,28455
−,"[{'mo': {}}, {'tag': 'mathML'}]",28455,28456
T,"[{'mi': {}}, {'base': 'msubsup'}, {'tag': 'mathML'}]",28456,28457
C,"[{'mi': {}}, {'sub': 'msubsup'}, {'tag': 'mathML'}]",28457,28458
Rand,"[{'mtext': 'italic'}, {'sup': 'msubsup'}, {'tag': 'mathML'}]",28458,28462
),"[{'mo': {'stretchy': 'false'}}, {'tag': 'mathML'}]",28462,28463
χ,"[{'mo': {}}, {'base': 'msubsup'}, {'tag': 'mathML'}]",28574,28575
1,"[{'mn': {}}, {'sub': 'msubsup'}, {'tag': 'mathML'}]",28575,28576
R,"[{'mi': {}}, {'sup': 'msubsup'}, {'tag': 'mathML'}]",28576,28577
T,[{'italic': {}}],28578,28579
ac,[{'sub': {}}],28601,28603
M,[{'sub': {}}],28967,28968
C,[{'sub': {}}],29035,29036
g,[{'sub': {}}],29049,29050
P,[{'sub': {}}],29093,29094
C,[{'sub': {}}],29252,29253
g,[{'sub': {}}],29259,29260
(9),"[{'xref': {'ref-type': 'disp-formula', 'rid': 'd9'}}]",29328,29331
−0.25,[{'sup': {}}],29719,29724
